id,model,registrationNumber,pricePerDay,brand,isElectric
ed87a43a-a87d-4a38-be26-37916a88e152,i4,ABC-1234,110.00,BMW,true
09d19526-3c74-48ca-bf63-a2f9c709871b,320i,DEF-5678,65.00,BMW,false
a6e44cb9-df6c-4c3d-9385-9a7ed0ad53a5,X5,GHI-9012,95.00,BMW,false
94f0eaeb-4ac0-4791-afcf-fa2804676d13,iX,JKL-3456,125.00,BMW,true
83242348-5234-488d-b88a-cf7365e48c33,EQS,MNO-7890,140.00,MERCEDES,true
db5f3d93-8a3b-4f0f-ac4a-ee844b5e5bef,C-Class,PQR-1122,70.00,MERCEDES,false
f5b3eb8e-f07f-4dc4-bccb-7206c35eb8eb,GLE,STU-3344,105.00,MERCEDES,false
97109291-9799-443f-83ad-cf01f041aa1f,EQB,VWX-5566,115.00,MERCEDES,true
536c6973-2603-4584-9c4f-d50ec2b6f9b5,Golf,YZA-7788,45.50,VOLKSWAGEN,false
e058eaae-a8d3-487d-b4a9-835f1c83a668,ID.4,BCD-9900,89.99,VOLKSWAGEN,true
435bb0d5-53a9-4441-8285-252eacb1a407,Passat,EFG-2233,54.75,VOLKSWAGEN,false
496757e0-8179-416a-b7d7-6b11f7164282,Tiguan,HIJ-4455,60.00,VOLKSWAGEN,false
2f561e5f-950a-4694-a306-4d42a47b90a6,911,KLM-6677,250.00,PORSCHE,false
8a509bdd-cf98-49d0-9d04-f2bf097830f6,Taycan,NOP-8899,220.00,PORSCHE,true
1ba597ff-7f1c-413f-bb59-fee27b82610c,Cayenne,QRS-0011,180.00,PORSCHE,false
126b3286-99a6-47c3-bf94-07f0ad0ab894,Macan,TUV-2233,150.00,PORSCHE,false
f037fd66-96b2-485e-936a-5f88a32b8353,Huracan,WXY-4455,650.00,LAMBORGHINI,false
0cb2b7f0-e593-44d5-a591-34a86b0860b0,Urus,ZAB-6677,700.00,LAMBORGHINI,false
66c3185d-8ae5-4e34-b1ae-daf4dfbc376c,Aventador,CDE-8899,900.00,LAMBORGHINI,false
30f458bc-ed8a-4e96-91c1-ef8e0d3ebaf6,Revuelto,FGH-0011,950.00,LAMBORGHINI,true