id,name
5b865934-ab22-47e6-a869-f79a4605a86e,James Anderson
b7627fe6-d548-4a62-9fbd-eab573af2965,Emily Clarke
71f8e98f-23c5-44a7-9f46-a9a2f318c778,Michael Johnson
4c14cc9d-1db7-410e-869b-b90116c4eb60,Sarah Williams
eebff328-9a9d-45d9-ae73-a8ce4d6ed0f3,David Brown
9e564937-91f8-4ff0-a069-a659f394c74f,Laura Davis
fc05689e-1226-44a6-84c5-6ed5a5702dfa,Daniel Miller
97f51e39-f9f2-4148-acc3-16443f3714a8,Sophia Wilson
81b27d52-91dc-4625-8d93-e7560de8507d,Matthew Moore
e90136f8-007d-4561-9f93-13dcc5ca9012,Olivia Taylor
aa7af6f9-f25d-47c6-a2d1-e029dc08832e,Christopher Thomas
6efac5ca-722b-4bd7-8af2-df16d5d022dc,Isabella Jackson
ec398a8e-d025-4963-94b5-7f99a3f7db8d,Andrew White
d8506c27-0138-498d-a85f-c3de57c22128,Mia Harris
747c4640-8925-49f5-8c72-481c49c75da8,Joseph Martin
563f93d9-458d-4abf-9871-dcd896e29e30,Charlotte Thompson
87eb0900-4e47-43f2-baf0-4973b46113c3,Ryan Garcia
6f7f55c7-2072-407a-baa1-3d159c15579b,Amelia Martinez
2b957113-bc00-41f4-82b7-9859846a8b1f,Nathan Robinson
779ee29c-8e4c-43ee-8c09-1e3c071feee1,Grace Lewis